topic_no,topic_label,encoding_kata,decoding_kata,kontribusi
0,Transaksi Nasabah pada BSI Mobile,871,bank,9240.454473822876
0,Transaksi Nasabah pada BSI Mobile,9896,syariat,4242.266646707663
0,Transaksi Nasabah pada BSI Mobile,1612,bsi,3266.3424067323817
0,Transaksi Nasabah pada BSI Mobile,3976,indonesia,2883.142299643394
0,Transaksi Nasabah pada BSI Mobile,10506,tidak,2764.8351725134676
0,Transaksi Nasabah pada BSI Mobile,1458,bisa,2268.381458082801
0,Transaksi Nasabah pada BSI Mobile,10940,up,2237.559764564165
0,Transaksi Nasabah pada BSI Mobile,10607,top,2210.1741080696797
0,Transaksi Nasabah pada BSI Mobile,7086,negara,1782.142493683908
0,Transaksi Nasabah pada BSI Mobile,10677,transfer,1609.22847559768
0,Transaksi Nasabah pada BSI Mobile,653,atm,1568.4184513533776
0,Transaksi Nasabah pada BSI Mobile,8966,saldo,1510.8475496951771
0,Transaksi Nasabah pada BSI Mobile,7347,nya,1463.2579790114692
0,Transaksi Nasabah pada BSI Mobile,2074,dana,1102.1361396090037
0,Transaksi Nasabah pada BSI Mobile,7062,nasabah,1097.1834809502004
0,Transaksi Nasabah pada BSI Mobile,10830,uang,1026.7631046166737
0,Transaksi Nasabah pada BSI Mobile,1417,biaya,892.8266361933071
0,Transaksi Nasabah pada BSI Mobile,6604,menu,876.1599148264924
0,Transaksi Nasabah pada BSI Mobile,5230,kurang,836.1818145664934
0,Transaksi Nasabah pada BSI Mobile,7531,pakai,774.9557818307991
0,Transaksi Nasabah pada BSI Mobile,10801,tunai,770.1262588331151
0,Transaksi Nasabah pada BSI Mobile,10654,transaksi,765.5852729559265
0,Transaksi Nasabah pada BSI Mobile,502,aplikasi,733.2073807467091
0,Transaksi Nasabah pada BSI Mobile,7704,pelayanan,731.70835582404
0,Transaksi Nasabah pada BSI Mobile,10591,tolong,698.6239784658935
0,Transaksi Nasabah pada BSI Mobile,7765,pembayaran,690.7361898768903
0,Transaksi Nasabah pada BSI Mobile,6850,mobile,651.429737129915
0,Transaksi Nasabah pada BSI Mobile,10019,tarik,624.9425971055856
0,Transaksi Nasabah pada BSI Mobile,6757,migrasi,604.7873679987149
0,Transaksi Nasabah pada BSI Mobile,779,baik,575.7180117133387
0,Transaksi Nasabah pada BSI Mobile,3271,fitur,557.673754237278
0,Transaksi Nasabah pada BSI Mobile,962,bayar,554.9386616254649
0,Transaksi Nasabah pada BSI Mobile,58,admin,551.4765800853456
0,Transaksi Nasabah pada BSI Mobile,5751,mandiri,545.0444813287284
0,Transaksi Nasabah pada BSI Mobile,8597,rakyat,543.1424152020197
0,Transaksi Nasabah pada BSI Mobile,10008,tapi,541.8344165986356
0,Transaksi Nasabah pada BSI Mobile,875,banking,540.0073422806802
0,Transaksi Nasabah pada BSI Mobile,11130,wallet,530.5996605384765
0,Transaksi Nasabah pada BSI Mobile,7933,pengguna,521.4932645787695
0,Transaksi Nasabah pada BSI Mobile,8830,ribet,511.85759936858466
0,Transaksi Nasabah pada BSI Mobile,9965,tampilan,464.8583463001942
0,Transaksi Nasabah pada BSI Mobile,1823,cek,463.18725822086014
0,Transaksi Nasabah pada BSI Mobile,8713,rekening,452.0205782126357
0,Transaksi Nasabah pada BSI Mobile,8272,pindah,436.10620774347524
0,Transaksi Nasabah pada BSI Mobile,749,bagus,426.026894514971
0,Transaksi Nasabah pada BSI Mobile,7017,mutasi,425.6668160596854
0,Transaksi Nasabah pada BSI Mobile,9583,sistem,419.57702004261915
0,Transaksi Nasabah pada BSI Mobile,7414,oke,398.9867591936176
0,Transaksi Nasabah pada BSI Mobile,1588,bris,395.9820349987633
0,Transaksi Nasabah pada BSI Mobile,4485,kayak,388.6078848527385
0,Transaksi Nasabah pada BSI Mobile,7409,oi,380.83997695595446
0,Transaksi Nasabah pada BSI Mobile,1701,buruk,372.5295467738565
0,Transaksi Nasabah pada BSI Mobile,4749,kena,341.99302200020753
0,Transaksi Nasabah pada BSI Mobile,6880,mohon,333.75103689173363
0,Transaksi Nasabah pada BSI Mobile,5374,layanan,326.694386432127
0,Transaksi Nasabah pada BSI Mobile,1523,bnis,319.9942903112662
0,Transaksi Nasabah pada BSI Mobile,8395,potongan,317.29442899607494
0,Transaksi Nasabah pada BSI Mobile,5143,konvensional,316.31782487469513
0,Transaksi Nasabah pada BSI Mobile,11242,ya,307.43563591302154
0,Transaksi Nasabah pada BSI Mobile,5511,listrik,305.0748260871289
0,Transaksi Nasabah pada BSI Mobile,9040,saran,301.4687619218217
0,Transaksi Nasabah pada BSI Mobile,4447,kartu,294.95388352775484
0,Transaksi Nasabah pada BSI Mobile,8266,pilihan,288.40388117926045
0,Transaksi Nasabah pada BSI Mobile,1407,biar,288.20976851627546
0,Transaksi Nasabah pada BSI Mobile,6714,merger,286.25443864518877
0,Transaksi Nasabah pada BSI Mobile,8602,ramah,275.181356563584
0,Transaksi Nasabah pada BSI Mobile,9961,tambahkan,273.12937555375305
0,Transaksi Nasabah pada BSI Mobile,11070,virtual,266.14244531711483
0,Transaksi Nasabah pada BSI Mobile,10986,usaha,265.12693910526144
0,Transaksi Nasabah pada BSI Mobile,6315,mending,261.41522829982955
0,Transaksi Nasabah pada BSI Mobile,6265,menarik,253.21680017141676
0,Transaksi Nasabah pada BSI Mobile,3097,enak,247.12206086169894
0,Transaksi Nasabah pada BSI Mobile,4565,kecewa,240.98943077418184
0,Transaksi Nasabah pada BSI Mobile,9472,setor,239.11144980385373
0,Transaksi Nasabah pada BSI Mobile,1021,beli,228.9210447539227
0,Transaksi Nasabah pada BSI Mobile,7441,online,222.30752463037427
0,Transaksi Nasabah pada BSI Mobile,728,badan,221.14242599976902
0,Transaksi Nasabah pada BSI Mobile,11015,ux,218.84151447374055
0,Transaksi Nasabah pada BSI Mobile,713,baca,210.2716200427233
0,Transaksi Nasabah pada BSI Mobile,6731,mesin,209.71016744787283
0,Transaksi Nasabah pada BSI Mobile,31,aceh,206.79424149192215
0,Transaksi Nasabah pada BSI Mobile,3596,gopay,206.14235712913316
0,Transaksi Nasabah pada BSI Mobile,1623,bsm,205.8231250503216
0,Transaksi Nasabah pada BSI Mobile,3167,ewallet,201.95119651001502
0,Transaksi Nasabah pada BSI Mobile,6247,menabung,201.8550228590769
0,Transaksi Nasabah pada BSI Mobile,7473,orang,201.4159085109879
0,Transaksi Nasabah pada BSI Mobile,5941,mbanking,201.21611975549501
0,Transaksi Nasabah pada BSI Mobile,28,account,200.14228324628237
0,Transaksi Nasabah pada BSI Mobile,1449,bintang,199.51269607819307
0,Transaksi Nasabah pada BSI Mobile,2397,digital,196.72861438285886
0,Transaksi Nasabah pada BSI Mobile,989,beda,191.46073904536135
0,Transaksi Nasabah pada BSI Mobile,6764,milik,191.14230557379264
0,Transaksi Nasabah pada BSI Mobile,8843,ribu,187.5956199117011
0,Transaksi Nasabah pada BSI Mobile,3343,friendly,186.93966852157175
0,Transaksi Nasabah pada BSI Mobile,8910,rupiah,183.66704036656415
0,Transaksi Nasabah pada BSI Mobile,3086,emas,180.93431193532305
0,Transaksi Nasabah pada BSI Mobile,5491,lihat,180.72959362856778
0,Transaksi Nasabah pada BSI Mobile,9926,tabungan,180.6996695335225
0,Transaksi Nasabah pada BSI Mobile,5173,kredit,179.06146873277208
0,Transaksi Nasabah pada BSI Mobile,8815,riba,177.9628932436292
1,BSI Mobile Keren dan Lancar Digunakan,1612,bsi,21285.059660095783
1,BSI Mobile Keren dan Lancar Digunakan,4458,kasih,6481.39549968037
1,BSI Mobile Keren dan Lancar Digunakan,3576,good,6185.938938096268
1,BSI Mobile Keren dan Lancar Digunakan,10254,terima,6020.311937644964
1,BSI Mobile Keren dan Lancar Digunakan,4270,job,5505.121318406126
1,BSI Mobile Keren dan Lancar Digunakan,9317,semoga,5169.078685162649
1,BSI Mobile Keren dan Lancar Digunakan,779,baik,4928.764616413769
1,BSI Mobile Keren dan Lancar Digunakan,6850,mobile,4729.671470957017
1,BSI Mobile Keren dan Lancar Digunakan,502,aplikasi,4528.486907061634
1,BSI Mobile Keren dan Lancar Digunakan,5313,lancar,4224.637229233826
1,BSI Mobile Keren dan Lancar Digunakan,7531,pakai,3273.040446760272
1,BSI Mobile Keren dan Lancar Digunakan,5797,mantap,3241.6945590919363
1,BSI Mobile Keren dan Lancar Digunakan,523,aplikasinya,3019.779830550455
1,BSI Mobile Keren dan Lancar Digunakan,7757,pembaruan,2859.970194072425
1,BSI Mobile Keren dan Lancar Digunakan,4830,keren,2641.2851292747387
1,BSI Mobile Keren dan Lancar Digunakan,255,alhamdulillah,2319.2824928543773
1,BSI Mobile Keren dan Lancar Digunakan,4204,jaya,2058.141295013709
1,BSI Mobile Keren dan Lancar Digunakan,7357,nyaman,1733.2890453309349
1,BSI Mobile Keren dan Lancar Digunakan,9335,senang,1703.8752948536578
1,BSI Mobile Keren dan Lancar Digunakan,749,bagus,1677.0288524961968
1,BSI Mobile Keren dan Lancar Digunakan,11242,ya,1646.1004620320948
1,BSI Mobile Keren dan Lancar Digunakan,7347,nya,1611.6386225204376
1,BSI Mobile Keren dan Lancar Digunakan,9809,sukses,1417.2870454158583
1,BSI Mobile Keren dan Lancar Digunakan,4595,kedepannya,1261.5324883252626
1,BSI Mobile Keren dan Lancar Digunakan,1458,bisa,1241.7111843019063
1,BSI Mobile Keren dan Lancar Digunakan,10506,tidak,1232.286126442365
1,BSI Mobile Keren dan Lancar Digunakan,6072,membantu,1077.9512723421096
1,BSI Mobile Keren dan Lancar Digunakan,7258,nih,895.8854808694016
1,BSI Mobile Keren dan Lancar Digunakan,6225,memudahkan,830.6207021875127
1,BSI Mobile Keren dan Lancar Digunakan,2150,deh,768.6861109761761
1,BSI Mobile Keren dan Lancar Digunakan,10654,transaksi,716.5275717430204
1,BSI Mobile Keren dan Lancar Digunakan,5672,maju,663.9187033325763
1,BSI Mobile Keren dan Lancar Digunakan,2841,ditingkatkan,658.2204955853616
1,BSI Mobile Keren dan Lancar Digunakan,8521,pulih,634.1423215899626
1,BSI Mobile Keren dan Lancar Digunakan,10542,tingkatkan,584.0180764444947
1,BSI Mobile Keren dan Lancar Digunakan,7163,ngecewain,576.0357288697817
1,BSI Mobile Keren dan Lancar Digunakan,6216,memuaskan,554.1835557334094
1,BSI Mobile Keren dan Lancar Digunakan,7704,pelayanan,550.0000499206377
1,BSI Mobile Keren dan Lancar Digunakan,1203,berkembang,541.8513757831596
1,BSI Mobile Keren dan Lancar Digunakan,4767,kendala,527.5743448989832
1,BSI Mobile Keren dan Lancar Digunakan,10164,terbaik,471.43956794264
1,BSI Mobile Keren dan Lancar Digunakan,1113,berdoa,466.27421772162967
1,BSI Mobile Keren dan Lancar Digunakan,2883,diupdate,455.6900190558746
1,BSI Mobile Keren dan Lancar Digunakan,3271,fitur,397.4222718968181
1,BSI Mobile Keren dan Lancar Digunakan,7933,pengguna,396.790576350037
1,BSI Mobile Keren dan Lancar Digunakan,5661,maintenance,390.29502984868384
1,BSI Mobile Keren dan Lancar Digunakan,1186,berkah,371.10220655708207
1,BSI Mobile Keren dan Lancar Digunakan,5380,layanannya,368.41372659542947
1,BSI Mobile Keren dan Lancar Digunakan,1249,bermanfaat,361.7517313503046
1,BSI Mobile Keren dan Lancar Digunakan,6403,mengecewakan,339.4198694198802
1,BSI Mobile Keren dan Lancar Digunakan,6192,mempermudah,331.026294534229
1,BSI Mobile Keren dan Lancar Digunakan,1449,bintang,325.55720213498404
1,BSI Mobile Keren dan Lancar Digunakan,7414,oke,304.3006972018351
1,BSI Mobile Keren dan Lancar Digunakan,1173,berjalan,302.56133449192504
1,BSI Mobile Keren dan Lancar Digunakan,347,amin,284.45891580391265
1,BSI Mobile Keren dan Lancar Digunakan,5374,layanan,282.24072514652414
1,BSI Mobile Keren dan Lancar Digunakan,1130,berfungsi,280.4846751693088
1,BSI Mobile Keren dan Lancar Digunakan,3563,god,279.1421923160584
1,BSI Mobile Keren dan Lancar Digunakan,7709,pelayanannya,273.6117841380048
1,BSI Mobile Keren dan Lancar Digunakan,8508,puas,266.41492398379745
1,BSI Mobile Keren dan Lancar Digunakan,4856,kerja,252.14339642861262
1,BSI Mobile Keren dan Lancar Digunakan,3280,fiturnya,250.31774852102095
1,BSI Mobile Keren dan Lancar Digunakan,7306,normal,234.01862964642623
1,BSI Mobile Keren dan Lancar Digunakan,3431,gampang,225.31718065707176
1,BSI Mobile Keren dan Lancar Digunakan,3097,enak,224.6178559330135
1,BSI Mobile Keren dan Lancar Digunakan,10175,terbaru,224.55373055264104
1,BSI Mobile Keren dan Lancar Digunakan,322,amanah,218.3842230417773
1,BSI Mobile Keren dan Lancar Digunakan,9309,semenjak,215.93776040206316
1,BSI Mobile Keren dan Lancar Digunakan,875,banking,212.10709359603283
1,BSI Mobile Keren dan Lancar Digunakan,7062,nasabah,204.65136568392558
1,BSI Mobile Keren dan Lancar Digunakan,7991,peningkatan,196.80468075289673
1,BSI Mobile Keren dan Lancar Digunakan,9296,semangat,186.20011471482857
1,BSI Mobile Keren dan Lancar Digunakan,4274,jobs,175.14243895241182
1,BSI Mobile Keren dan Lancar Digunakan,5458,lengkap,163.19891144552014
1,BSI Mobile Keren dan Lancar Digunakan,6031,memakai,161.7377327056241
1,BSI Mobile Keren dan Lancar Digunakan,8212,pertahankan,160.0394192253412
1,BSI Mobile Keren dan Lancar Digunakan,4911,kesini,144.95504361752913
1,BSI Mobile Keren dan Lancar Digunakan,10398,tersenyum,138.69186137819523
1,BSI Mobile Keren dan Lancar Digunakan,10172,terbantu,137.48252847262052
1,BSI Mobile Keren dan Lancar Digunakan,10101,teman,129.0554867132588
1,BSI Mobile Keren dan Lancar Digunakan,450,apapun,125.7705290395049
1,BSI Mobile Keren dan Lancar Digunakan,4485,kayak,125.38992251353869
1,BSI Mobile Keren dan Lancar Digunakan,564,app,115.86030871964684
1,BSI Mobile Keren dan Lancar Digunakan,4285,joob,115.14235107294444
1,BSI Mobile Keren dan Lancar Digunakan,5198,kualitas,115.05396270326118
1,BSI Mobile Keren dan Lancar Digunakan,3579,goodjob,113.68305400144311
1,BSI Mobile Keren dan Lancar Digunakan,4734,kembangkan,113.16057885375581
1,BSI Mobile Keren dan Lancar Digunakan,5203,kuat,111.69544851647763
1,BSI Mobile Keren dan Lancar Digunakan,7946,penggunanya,103.59480891424539
1,BSI Mobile Keren dan Lancar Digunakan,1470,bismillah,102.4664010463101
1,BSI Mobile Keren dan Lancar Digunakan,1307,bersinar,102.14200009261924
1,BSI Mobile Keren dan Lancar Digunakan,878,bankingnya,97.97024432205819
1,BSI Mobile Keren dan Lancar Digunakan,4723,kemarin,95.32461207310422
1,BSI Mobile Keren dan Lancar Digunakan,2167,depannya,91.71679455284274
1,BSI Mobile Keren dan Lancar Digunakan,5941,mbanking,91.06904324076808
1,BSI Mobile Keren dan Lancar Digunakan,6941,mudah,88.53512887359929
1,BSI Mobile Keren dan Lancar Digunakan,8061,perbaikan,85.32571723069104
1,BSI Mobile Keren dan Lancar Digunakan,10221,terdepan,85.04885755394612
1,BSI Mobile Keren dan Lancar Digunakan,11223,wow,84.84011274575947
1,BSI Mobile Keren dan Lancar Digunakan,10932,untung,84.35234253081842
2,Kenyamanan pada BSI Mobile,4830,keren,14454.935211905748
2,Kenyamanan pada BSI Mobile,841,banget,13405.50850899438
2,Kenyamanan pada BSI Mobile,5458,lengkap,9907.8986226086
2,Kenyamanan pada BSI Mobile,523,aplikasinya,9116.017083208271
2,Kenyamanan pada BSI Mobile,3271,fitur,8932.304674052977
2,Kenyamanan pada BSI Mobile,502,aplikasi,8897.801513350509
2,Kenyamanan pada BSI Mobile,749,bagus,8040.445069401703
2,Kenyamanan pada BSI Mobile,6941,mudah,7410.761617757375
2,Kenyamanan pada BSI Mobile,3280,fiturnya,7123.139300196639
2,Kenyamanan pada BSI Mobile,7347,nya,6629.47802176013
2,Kenyamanan pada BSI Mobile,2150,deh,4367.631126950316
2,Kenyamanan pada BSI Mobile,10506,tidak,3954.262650227072
2,Kenyamanan pada BSI Mobile,8350,pokoknya,3416.0308244060025
2,Kenyamanan pada BSI Mobile,1612,bsi,3284.3323952028654
2,Kenyamanan pada BSI Mobile,7357,nyaman,3052.139418479926
2,Kenyamanan pada BSI Mobile,5797,mantap,2992.667710985831
2,Kenyamanan pada BSI Mobile,7531,pakai,2353.6727224145857
2,Kenyamanan pada BSI Mobile,7258,nih,2170.6312948513296
2,Kenyamanan pada BSI Mobile,9335,senang,2049.5818568113295
2,Kenyamanan pada BSI Mobile,320,aman,1774.2956384081467
2,Kenyamanan pada BSI Mobile,9537,sih,1737.4419010709987
2,Kenyamanan pada BSI Mobile,1846,cepat,1668.7099608518001
2,Kenyamanan pada BSI Mobile,9798,suka,1636.2589409514176
2,Kenyamanan pada BSI Mobile,4094,islami,1615.7789523562803
2,Kenyamanan pada BSI Mobile,5374,layanan,1547.4545926687374
2,Kenyamanan pada BSI Mobile,3431,gampang,1441.9006829819064
2,Kenyamanan pada BSI Mobile,8830,ribet,1366.11604358858
2,Kenyamanan pada BSI Mobile,6072,membantu,1306.459508439851
2,Kenyamanan pada BSI Mobile,10889,unduh,1082.0975516887838
2,Kenyamanan pada BSI Mobile,1141,berguna,1006.2094889767385
2,Kenyamanan pada BSI Mobile,9965,tampilan,997.8080145188917
2,Kenyamanan pada BSI Mobile,1249,bermanfaat,964.7844770633537
2,Kenyamanan pada BSI Mobile,8963,salat,955.7659969844092
2,Kenyamanan pada BSI Mobile,1376,best,935.1414839380561
2,Kenyamanan pada BSI Mobile,8412,praktis,926.2806980279763
2,Kenyamanan pada BSI Mobile,10486,the,835.8717186210811
2,Kenyamanan pada BSI Mobile,6265,menarik,773.040222901761
2,Kenyamanan pada BSI Mobile,9967,tampilannya,761.5964565221848
2,Kenyamanan pada BSI Mobile,2603,dipakai,732.907818944161
2,Kenyamanan pada BSI Mobile,10607,top,697.2432979422433
2,Kenyamanan pada BSI Mobile,4100,islaminya,657.4652072758843
2,Kenyamanan pada BSI Mobile,7414,oke,644.5357254130279
2,Kenyamanan pada BSI Mobile,697,azan,642.141981807953
2,Kenyamanan pada BSI Mobile,1030,benar,636.9749737953694
2,Kenyamanan pada BSI Mobile,7757,pembaruan,632.1469218422986
2,Kenyamanan pada BSI Mobile,6192,mempermudah,593.3507985685475
2,Kenyamanan pada BSI Mobile,10654,transaksi,591.3718041854323
2,Kenyamanan pada BSI Mobile,5555,lokasi,573.3457721379814
2,Kenyamanan pada BSI Mobile,6850,mobile,567.9430754587943
2,Kenyamanan pada BSI Mobile,564,app,513.8779543483269
2,Kenyamanan pada BSI Mobile,1429,bikin,513.4099995368093
2,Kenyamanan pada BSI Mobile,5874,masjid,505.1421970218758
2,Kenyamanan pada BSI Mobile,6667,menyesal,503.6922667509453
2,Kenyamanan pada BSI Mobile,179,aktivasi,500.5919432805281
2,Kenyamanan pada BSI Mobile,4334,juz,483.14220179866646
2,Kenyamanan pada BSI Mobile,1766,canggih,471.10891347443396
2,Kenyamanan pada BSI Mobile,255,alhamdulillah,469.01461989305
2,Kenyamanan pada BSI Mobile,2600,dipahami,446.73866641531697
2,Kenyamanan pada BSI Mobile,7163,ngecewain,434.233554049124
2,Kenyamanan pada BSI Mobile,5313,lancar,417.89448429628317
2,Kenyamanan pada BSI Mobile,4143,jadwal,415.69887359984307
2,Kenyamanan pada BSI Mobile,7316,notifikasi,402.7389165496735
2,Kenyamanan pada BSI Mobile,4380,kalah,393.60878623304467
2,Kenyamanan pada BSI Mobile,5008,kiblat,381.87842028143393
2,Kenyamanan pada BSI Mobile,6225,memudahkan,379.2938992869424
2,Kenyamanan pada BSI Mobile,183,aktivasinya,378.7802617426635
2,Kenyamanan pada BSI Mobile,350,amma,378.1422029916577
2,Kenyamanan pada BSI Mobile,1458,bisa,377.8567750692705
2,Kenyamanan pada BSI Mobile,8668,recommended,371.5018077341941
2,Kenyamanan pada BSI Mobile,586,arah,368.55567156253954
2,Kenyamanan pada BSI Mobile,8344,pokok,348.1859214605763
2,Kenyamanan pada BSI Mobile,7933,pengguna,342.54878160482315
2,Kenyamanan pada BSI Mobile,11115,wajib,315.3460797902733
2,Kenyamanan pada BSI Mobile,9572,sip,312.47205318948374
2,Kenyamanan pada BSI Mobile,3999,informasinya,291.90706814895316
2,Kenyamanan pada BSI Mobile,8736,rekomendasi,281.54693932093426
2,Kenyamanan pada BSI Mobile,576,apps,268.9964491319505
2,Kenyamanan pada BSI Mobile,10218,terdekat,257.5382243600098
2,Kenyamanan pada BSI Mobile,4485,kayak,257.47546759925507
2,Kenyamanan pada BSI Mobile,2794,ditambah,251.1570416254539
2,Kenyamanan pada BSI Mobile,7955,pengingat,248.12278332788142
2,Kenyamanan pada BSI Mobile,3097,enak,233.3865985108183
2,Kenyamanan pada BSI Mobile,475,apknya,224.98124957582408
2,Kenyamanan pada BSI Mobile,3111,enggak,223.85307382972903
2,Kenyamanan pada BSI Mobile,1699,buruan,220.72315562233095
2,Kenyamanan pada BSI Mobile,1443,bingung,220.20730092830047
2,Kenyamanan pada BSI Mobile,2531,dilengkapi,217.67991022774513
2,Kenyamanan pada BSI Mobile,7006,muslim,217.39417012686988
2,Kenyamanan pada BSI Mobile,10661,transaksinya,213.78803309170817
2,Kenyamanan pada BSI Mobile,9836,super,208.92077355082498
2,Kenyamanan pada BSI Mobile,7524,pahami,208.8168673064931
2,Kenyamanan pada BSI Mobile,2559,dimengerti,204.47198251746934
2,Kenyamanan pada BSI Mobile,9555,simpel,201.98861682111885
2,Kenyamanan pada BSI Mobile,8662,recomended,196.61603315629327
2,Kenyamanan pada BSI Mobile,5591,lumayan,191.35780201041786
2,Kenyamanan pada BSI Mobile,7625,pastinya,182.7358901246267
2,Kenyamanan pada BSI Mobile,3995,informasi,182.0124209624208
2,Kenyamanan pada BSI Mobile,6431,mengerti,177.4515663007041
2,Kenyamanan pada BSI Mobile,1931,coba,175.46808997991536
2,Kenyamanan pada BSI Mobile,3343,friendly,173.7642204240677
3,BSI Mobile Susah digunakan dan Sering Eror,10506,tidak,17595.814893561266
3,BSI Mobile Susah digunakan dan Sering Eror,1458,bisa,15056.562193556272
3,BSI Mobile Susah digunakan dan Sering Eror,502,aplikasi,7649.992826221048
3,BSI Mobile Susah digunakan dan Sering Eror,7347,nya,4122.677011923509
3,BSI Mobile Susah digunakan dan Sering Eror,1660,buka,4055.8499527287663
3,BSI Mobile Susah digunakan dan Sering Eror,11242,ya,3483.5867326301272
3,BSI Mobile Susah digunakan dan Sering Eror,10591,tolong,3024.3471535348717
3,BSI Mobile Susah digunakan dan Sering Eror,7757,pembaruan,2881.575443960823
3,BSI Mobile Susah digunakan dan Sering Eror,1612,bsi,2704.4343229718156
3,BSI Mobile Susah digunakan dan Sering Eror,8166,permintaan,2591.2233703515117
3,BSI Mobile Susah digunakan dan Sering Eror,2329,dibuka,2513.125855555473
3,BSI Mobile Susah digunakan dan Sering Eror,4619,kehabisan,2405.9151263952385
3,BSI Mobile Susah digunakan dan Sering Eror,5067,kok,2365.1077508250073
3,BSI Mobile Susah digunakan dan Sering Eror,3141,error,2293.2114636676497
3,BSI Mobile Susah digunakan dan Sering Eror,9857,susah,2235.665799475987
3,BSI Mobile Susah digunakan dan Sering Eror,523,aplikasinya,2189.133629188293
3,BSI Mobile Susah digunakan dan Sering Eror,3129,eror,2028.6365270087483
3,BSI Mobile Susah digunakan dan Sering Eror,5889,masuk,1872.1124766944872
3,BSI Mobile Susah digunakan dan Sering Eror,6880,mohon,1796.506190890326
3,BSI Mobile Susah digunakan dan Sering Eror,841,banget,1708.4223217675765
3,BSI Mobile Susah digunakan dan Sering Eror,8064,perbaiki,1645.0010918870173
3,BSI Mobile Susah digunakan dan Sering Eror,3648,habis,1590.321998545984
3,BSI Mobile Susah digunakan dan Sering Eror,4233,jelek,1542.6935279528918
3,BSI Mobile Susah digunakan dan Sering Eror,3441,gangguan,1509.7311618362837
3,BSI Mobile Susah digunakan dan Sering Eror,10654,transaksi,1391.6637765113867
3,BSI Mobile Susah digunakan dan Sering Eror,2635,diperbaiki,1380.7893130131622
3,BSI Mobile Susah digunakan dan Sering Eror,3723,handphone,1183.4110362985998
3,BSI Mobile Susah digunakan dan Sering Eror,10008,tapi,1126.2182386014804
3,BSI Mobile Susah digunakan dan Sering Eror,9537,sih,1123.4992794642458
3,BSI Mobile Susah digunakan dan Sering Eror,1449,bintang,967.9797435500681
3,BSI Mobile Susah digunakan dan Sering Eror,7258,nih,952.1896880295886
3,BSI Mobile Susah digunakan dan Sering Eror,10677,transfer,944.1665041517823
3,BSI Mobile Susah digunakan dan Sering Eror,4184,jaringan,941.7644384904985
3,BSI Mobile Susah digunakan dan Sering Eror,6850,mobile,932.5861781818835
3,BSI Mobile Susah digunakan dan Sering Eror,6981,mulu,895.8661638421404
3,BSI Mobile Susah digunakan dan Sering Eror,7531,pakai,887.9642020945698
3,BSI Mobile Susah digunakan dan Sering Eror,3386,gagal,882.3988472699886
3,BSI Mobile Susah digunakan dan Sering Eror,6992,muncul,858.9272551437425
3,BSI Mobile Susah digunakan dan Sering Eror,5544,login,839.876319532972
3,BSI Mobile Susah digunakan dan Sering Eror,4390,kali,789.2848290033278
3,BSI Mobile Susah digunakan dan Sering Eror,11051,versi,776.998835030071
3,BSI Mobile Susah digunakan dan Sering Eror,5433,lemot,772.9938638779712
3,BSI Mobile Susah digunakan dan Sering Eror,7589,parah,732.324526561392
3,BSI Mobile Susah digunakan dan Sering Eror,564,app,721.5961690883682
3,BSI Mobile Susah digunakan dan Sering Eror,875,banking,719.7394200620431
3,BSI Mobile Susah digunakan dan Sering Eror,749,bagus,716.3555353790581
3,BSI Mobile Susah digunakan dan Sering Eror,7607,pas,703.8981925453048
3,BSI Mobile Susah digunakan dan Sering Eror,378,android,680.8768861662926
3,BSI Mobile Susah digunakan dan Sering Eror,11111,wajah,673.1877158762311
3,BSI Mobile Susah digunakan dan Sering Eror,11037,verifikasi,670.7779560489673
3,BSI Mobile Susah digunakan dan Sering Eror,1652,bug,633.9477621675625
3,BSI Mobile Susah digunakan dan Sering Eror,1429,bikin,615.3609474701824
3,BSI Mobile Susah digunakan dan Sering Eror,6769,min,586.1524773754737
3,BSI Mobile Susah digunakan dan Sering Eror,4723,kemarin,573.064790858266
3,BSI Mobile Susah digunakan dan Sering Eror,1723,butuh,542.1854674892211
3,BSI Mobile Susah digunakan dan Sering Eror,5615,maaf,538.8451470501747
3,BSI Mobile Susah digunakan dan Sering Eror,3111,enggak,524.4115668065488
3,BSI Mobile Susah digunakan dan Sering Eror,2603,dipakai,518.6946047628841
3,BSI Mobile Susah digunakan dan Sering Eror,10790,tulisan,508.0013480684844
3,BSI Mobile Susah digunakan dan Sering Eror,153,akses,504.93105530938124
3,BSI Mobile Susah digunakan dan Sering Eror,1254,bermasalah,503.9719510917655
3,BSI Mobile Susah digunakan dan Sering Eror,4565,kecewa,481.6970720746801
3,BSI Mobile Susah digunakan dan Sering Eror,1931,coba,470.9526528588382
3,BSI Mobile Susah digunakan dan Sering Eror,7062,nasabah,446.73052802243586
3,BSI Mobile Susah digunakan dan Sering Eror,5526,loading,442.8048696683702
3,BSI Mobile Susah digunakan dan Sering Eror,4485,kayak,431.89331011520056
3,BSI Mobile Susah digunakan dan Sering Eror,10900,uninstall,428.84761835733985
3,BSI Mobile Susah digunakan dan Sering Eror,3737,hapus,421.43579253382313
3,BSI Mobile Susah digunakan dan Sering Eror,7473,orang,415.74381233746334
3,BSI Mobile Susah digunakan dan Sering Eror,4356,kadang,395.3411536187607
3,BSI Mobile Susah digunakan dan Sering Eror,5416,lelet,394.6997753077501
3,BSI Mobile Susah digunakan dan Sering Eror,9583,sistem,390.5842352653156
3,BSI Mobile Susah digunakan dan Sering Eror,5941,mbanking,386.7934231946998
3,BSI Mobile Susah digunakan dan Sering Eror,4059,internet,382.5584470991646
3,BSI Mobile Susah digunakan dan Sering Eror,10889,unduh,382.40155165961914
3,BSI Mobile Susah digunakan dan Sering Eror,10175,terbaru,381.5311077806332
3,BSI Mobile Susah digunakan dan Sering Eror,4131,iya,372.5312756350303
3,BSI Mobile Susah digunakan dan Sering Eror,1113,berdoa,371.7046305604145
3,BSI Mobile Susah digunakan dan Sering Eror,8061,perbaikan,368.20619461448234
3,BSI Mobile Susah digunakan dan Sering Eror,9570,sinyal,362.8418583430459
3,BSI Mobile Susah digunakan dan Sering Eror,10870,ulang,358.2910630511591
3,BSI Mobile Susah digunakan dan Sering Eror,1923,close,357.14236240148296
3,BSI Mobile Susah digunakan dan Sering Eror,1623,bsm,355.1286540800426
3,BSI Mobile Susah digunakan dan Sering Eror,9814,sulit,331.0724308274101
3,BSI Mobile Susah digunakan dan Sering Eror,7316,notifikasi,324.45727011741207
3,BSI Mobile Susah digunakan dan Sering Eror,7640,payah,323.9388448236593
3,BSI Mobile Susah digunakan dan Sering Eror,3619,gue,322.2766486648142
3,BSI Mobile Susah digunakan dan Sering Eror,4031,instal,315.14207465622457
3,BSI Mobile Susah digunakan dan Sering Eror,4458,kasih,311.0151431343497
3,BSI Mobile Susah digunakan dan Sering Eror,4035,install,306.25542703072523
3,BSI Mobile Susah digunakan dan Sering Eror,9798,suka,304.68631126548667
3,BSI Mobile Susah digunakan dan Sering Eror,1030,benar,299.8460349630936
3,BSI Mobile Susah digunakan dan Sering Eror,7991,peningkatan,295.3246479467617
3,BSI Mobile Susah digunakan dan Sering Eror,9718,stabil,294.5295931719737
3,BSI Mobile Susah digunakan dan Sering Eror,3995,informasi,293.8667075385345
3,BSI Mobile Susah digunakan dan Sering Eror,6116,membuka,293.0650029039844
3,BSI Mobile Susah digunakan dan Sering Eror,3317,force,292.1425277553813
3,BSI Mobile Susah digunakan dan Sering Eror,4544,kebuka,282.07925237953236
3,BSI Mobile Susah digunakan dan Sering Eror,1701,buruk,281.7637325624373
3,BSI Mobile Susah digunakan dan Sering Eror,5300,lambat,275.5845040951024
4,Aplikasi Berguna tapi Ribet,1846,cepat,5196.124697639826
4,Aplikasi Berguna tapi Ribet,1660,buka,4134.254505189911
4,Aplikasi Berguna tapi Ribet,8713,rekening,3872.375700701025
4,Aplikasi Berguna tapi Ribet,6941,mudah,3250.538135973659
4,Aplikasi Berguna tapi Ribet,10506,tidak,3189.0911649171017
4,Aplikasi Berguna tapi Ribet,841,banget,3120.107537221277
4,Aplikasi Berguna tapi Ribet,1905,cinta,1972.0035130010583
4,Aplikasi Berguna tapi Ribet,1458,bisa,1930.2230834653826
4,Aplikasi Berguna tapi Ribet,8719,rekeningnya,1503.5980347486088
4,Aplikasi Berguna tapi Ribet,962,bayar,1009.0575498715395
4,Aplikasi Berguna tapi Ribet,8412,praktis,946.4323997614866
4,Aplikasi Berguna tapi Ribet,9926,tabungan,906.7678907310608
4,Aplikasi Berguna tapi Ribet,255,alhamdulillah,790.1708085801641
4,Aplikasi Berguna tapi Ribet,8830,ribet,740.2007232176373
4,Aplikasi Berguna tapi Ribet,1141,berguna,719.4105775675771
4,Aplikasi Berguna tapi Ribet,8484,proses,704.8301491734818
4,Aplikasi Berguna tapi Ribet,871,bank,665.2486916759716
4,Aplikasi Berguna tapi Ribet,8768,repot,656.4900309423867
4,Aplikasi Berguna tapi Ribet,1113,berdoa,618.5229711163971
4,Aplikasi Berguna tapi Ribet,3985,infaq,612.9329736941124
4,Aplikasi Berguna tapi Ribet,523,aplikasinya,592.0960228861201
4,Aplikasi Berguna tapi Ribet,3328,foto,565.9746344399853
4,Aplikasi Berguna tapi Ribet,10654,transaksi,559.6074119341702
4,Aplikasi Berguna tapi Ribet,11282,zakat,558.4324319902067
4,Aplikasi Berguna tapi Ribet,1738,cabang,530.3347403983852
4,Aplikasi Berguna tapi Ribet,6617,menunggu,514.849048673758
4,Aplikasi Berguna tapi Ribet,8571,qris,489.65274287328697
4,Aplikasi Berguna tapi Ribet,5374,layanan,486.7490715803839
4,Aplikasi Berguna tapi Ribet,7796,pembukaan,482.41579462410857
4,Aplikasi Berguna tapi Ribet,7441,online,471.9602987061224
4,Aplikasi Berguna tapi Ribet,288,allah,457.3814827104426
4,Aplikasi Berguna tapi Ribet,1612,bsi,448.88736198965495
4,Aplikasi Berguna tapi Ribet,8901,rumah,445.31473299854713
4,Aplikasi Berguna tapi Ribet,6116,membuka,444.0523265582702
4,Aplikasi Berguna tapi Ribet,322,amanah,436.4583081752967
4,Aplikasi Berguna tapi Ribet,9896,syariat,430.4788686850861
4,Aplikasi Berguna tapi Ribet,6072,membantu,428.73571433495454
4,Aplikasi Berguna tapi Ribet,6247,menabung,425.7690083370938
4,Aplikasi Berguna tapi Ribet,8485,prosesnya,409.00178042976245
4,Aplikasi Berguna tapi Ribet,502,aplikasi,406.0446150248787
4,Aplikasi Berguna tapi Ribet,1938,cocok,385.10710444539575
4,Aplikasi Berguna tapi Ribet,7347,nya,384.9318338451684
4,Aplikasi Berguna tapi Ribet,4447,kartu,384.03605377337215
4,Aplikasi Berguna tapi Ribet,9798,suka,378.0088016139973
4,Aplikasi Berguna tapi Ribet,6263,menangis,368.7670936307177
4,Aplikasi Berguna tapi Ribet,653,atm,355.56901751372345
4,Aplikasi Berguna tapi Ribet,5591,lumayan,339.27713867924086
4,Aplikasi Berguna tapi Ribet,10801,tunai,322.65012536618246
4,Aplikasi Berguna tapi Ribet,6192,mempermudah,320.6708922084296
4,Aplikasi Berguna tapi Ribet,5458,lengkap,313.6570492217333
4,Aplikasi Berguna tapi Ribet,5336,langsung,309.26524817154774
4,Aplikasi Berguna tapi Ribet,10019,tarik,308.5263801344865
4,Aplikasi Berguna tapi Ribet,9434,sesuai,304.4683822026535
4,Aplikasi Berguna tapi Ribet,10940,up,300.06311547875333
4,Aplikasi Berguna tapi Ribet,749,bagus,297.48482824417897
4,Aplikasi Berguna tapi Ribet,1417,biaya,296.7438025338525
4,Aplikasi Berguna tapi Ribet,10535,tinggal,290.7216521523027
4,Aplikasi Berguna tapi Ribet,6850,mobile,287.9608124437247
4,Aplikasi Berguna tapi Ribet,58,admin,274.5663866803814
4,Aplikasi Berguna tapi Ribet,4094,islami,260.74867458873115
4,Aplikasi Berguna tapi Ribet,10830,uang,254.7082439673037
4,Aplikasi Berguna tapi Ribet,10677,transfer,240.8282687201629
4,Aplikasi Berguna tapi Ribet,7566,pandemi,227.67893782760868
4,Aplikasi Berguna tapi Ribet,5679,makan,222.2742228728914
4,Aplikasi Berguna tapi Ribet,4119,it,208.67826649882923
4,Aplikasi Berguna tapi Ribet,10607,top,206.9553134491722
4,Aplikasi Berguna tapi Ribet,11242,ya,201.1182249619737
4,Aplikasi Berguna tapi Ribet,365,anak,199.9204444634795
4,Aplikasi Berguna tapi Ribet,3723,handphone,195.84631168842364
4,Aplikasi Berguna tapi Ribet,423,antre,194.1211838394503
4,Aplikasi Berguna tapi Ribet,8109,pergi,186.69210044042478
4,Aplikasi Berguna tapi Ribet,6086,membayar,184.34558541121783
4,Aplikasi Berguna tapi Ribet,3431,gampang,183.4502135440498
4,Aplikasi Berguna tapi Ribet,7765,pembayaran,178.49852025088552
4,Aplikasi Berguna tapi Ribet,205,akun,176.32727351603458
4,Aplikasi Berguna tapi Ribet,1809,cashless,172.29079144732287
4,Aplikasi Berguna tapi Ribet,3461,gaperlu,171.622829889161
4,Aplikasi Berguna tapi Ribet,1302,bersemangat,169.0614493194476
4,Aplikasi Berguna tapi Ribet,183,aktivasinya,168.0752069591925
4,Aplikasi Berguna tapi Ribet,5214,kuliah,167.36801460861432
4,Aplikasi Berguna tapi Ribet,3111,enggak,167.06933309765805
4,Aplikasi Berguna tapi Ribet,4380,kalah,157.84432927523142
4,Aplikasi Berguna tapi Ribet,3271,fitur,156.94844648496067
4,Aplikasi Berguna tapi Ribet,957,bawa,150.63818990867497
4,Aplikasi Berguna tapi Ribet,6938,muda,143.21446532065445
4,Aplikasi Berguna tapi Ribet,5722,malas,141.65447521428587
4,Aplikasi Berguna tapi Ribet,4090,islam,140.78559673874628
4,Aplikasi Berguna tapi Ribet,7793,pembuatan,139.36870715343574
4,Aplikasi Berguna tapi Ribet,1186,berkah,137.94990072490293
4,Aplikasi Berguna tapi Ribet,3508,gerak,137.1419842084079
4,Aplikasi Berguna tapi Ribet,3086,emas,135.20665898867335
4,Aplikasi Berguna tapi Ribet,4480,kaum,133.31943592629648
4,Aplikasi Berguna tapi Ribet,320,aman,133.13962096949007
4,Aplikasi Berguna tapi Ribet,1673,buku,126.95757539739203
4,Aplikasi Berguna tapi Ribet,9394,serba,124.82061879822494
4,Aplikasi Berguna tapi Ribet,4048,insyaallah,122.16365383046649
4,Aplikasi Berguna tapi Ribet,4551,kebutuhan,121.82974455334667
4,Aplikasi Berguna tapi Ribet,9653,sok,118.14774346372066
4,Aplikasi Berguna tapi Ribet,9932,tagihan,117.55062885025953
4,Aplikasi Berguna tapi Ribet,6388,mengantre,117.44438815732008
5,"Permasalahan pada BSI Mobile (Kode Aktivasi, Rekening)",10506,tidak,12736.100232618026
5,"Permasalahan pada BSI Mobile (Kode Aktivasi, Rekening)",1458,bisa,5963.969729429144
5,"Permasalahan pada BSI Mobile (Kode Aktivasi, Rekening)",179,aktivasi,5417.280697626424
5,"Permasalahan pada BSI Mobile (Kode Aktivasi, Rekening)",7347,nya,3013.602431950096
5,"Permasalahan pada BSI Mobile (Kode Aktivasi, Rekening)",1612,bsi,2991.970830827981
5,"Permasalahan pada BSI Mobile (Kode Aktivasi, Rekening)",10008,tapi,2838.618932653787
5,"Permasalahan pada BSI Mobile (Kode Aktivasi, Rekening)",3386,gagal,2658.0152390285575
5,"Permasalahan pada BSI Mobile (Kode Aktivasi, Rekening)",4390,kali,2482.6955946495154
5,"Permasalahan pada BSI Mobile (Kode Aktivasi, Rekening)",8966,saldo,2477.871879031347
5,"Permasalahan pada BSI Mobile (Kode Aktivasi, Rekening)",8527,pulsa,2371.650701541453
5,"Permasalahan pada BSI Mobile (Kode Aktivasi, Rekening)",8830,ribet,2288.857914749082
5,"Permasalahan pada BSI Mobile (Kode Aktivasi, Rekening)",5889,masuk,1925.9221041314486
5,"Permasalahan pada BSI Mobile (Kode Aktivasi, Rekening)",502,aplikasi,1898.0099924717501
5,"Permasalahan pada BSI Mobile (Kode Aktivasi, Rekening)",8713,rekening,1759.3912790561983
5,"Permasalahan pada BSI Mobile (Kode Aktivasi, Rekening)",5063,kode,1690.134974690876
5,"Permasalahan pada BSI Mobile (Kode Aktivasi, Rekening)",3723,handphone,1655.7351875100962
5,"Permasalahan pada BSI Mobile (Kode Aktivasi, Rekening)",11037,verifikasi,1628.507234928125
5,"Permasalahan pada BSI Mobile (Kode Aktivasi, Rekening)",8704,rekan,1612.4947893633416
5,"Permasalahan pada BSI Mobile (Kode Aktivasi, Rekening)",10870,ulang,1609.9942939546324
5,"Permasalahan pada BSI Mobile (Kode Aktivasi, Rekening)",10677,transfer,1458.209796692627
5,"Permasalahan pada BSI Mobile (Kode Aktivasi, Rekening)",9857,susah,1431.5897707061536
5,"Permasalahan pada BSI Mobile (Kode Aktivasi, Rekening)",1754,call,1418.1424470430873
5,"Permasalahan pada BSI Mobile (Kode Aktivasi, Rekening)",871,bank,1376.947291547357
5,"Permasalahan pada BSI Mobile (Kode Aktivasi, Rekening)",6850,mobile,1313.104747675579
5,"Permasalahan pada BSI Mobile (Kode Aktivasi, Rekening)",1823,cek,1303.6068304636556
5,"Permasalahan pada BSI Mobile (Kode Aktivasi, Rekening)",8270,pin,1299.2972467066581
5,"Permasalahan pada BSI Mobile (Kode Aktivasi, Rekening)",4422,kantor,1261.6686832047733
5,"Permasalahan pada BSI Mobile (Kode Aktivasi, Rekening)",1738,cabang,1258.7965196687164
5,"Permasalahan pada BSI Mobile (Kode Aktivasi, Rekening)",7531,pakai,1238.6151527199625
5,"Permasalahan pada BSI Mobile (Kode Aktivasi, Rekening)",2106,data,1209.0714032700541
5,"Permasalahan pada BSI Mobile (Kode Aktivasi, Rekening)",7282,no,1166.0028849522223
5,"Permasalahan pada BSI Mobile (Kode Aktivasi, Rekening)",10654,transaksi,1126.015377605983
5,"Permasalahan pada BSI Mobile (Kode Aktivasi, Rekening)",11242,ya,1111.9305095107454
5,"Permasalahan pada BSI Mobile (Kode Aktivasi, Rekening)",9639,sms,1073.1417455586006
5,"Permasalahan pada BSI Mobile (Kode Aktivasi, Rekening)",841,banget,1012.2302055778089
5,"Permasalahan pada BSI Mobile (Kode Aktivasi, Rekening)",2041,daftar,1009.4030530638771
5,"Permasalahan pada BSI Mobile (Kode Aktivasi, Rekening)",1931,coba,1006.5643418225698
5,"Permasalahan pada BSI Mobile (Kode Aktivasi, Rekening)",3648,habis,992.0454823503715
5,"Permasalahan pada BSI Mobile (Kode Aktivasi, Rekening)",10591,tolong,986.4570273882448
5,"Permasalahan pada BSI Mobile (Kode Aktivasi, Rekening)",10081,telepon,985.1423781257652
5,"Permasalahan pada BSI Mobile (Kode Aktivasi, Rekening)",7291,nomor,967.3856225353984
5,"Permasalahan pada BSI Mobile (Kode Aktivasi, Rekening)",10830,uang,952.9068533180422
5,"Permasalahan pada BSI Mobile (Kode Aktivasi, Rekening)",5336,langsung,929.9273948418722
5,"Permasalahan pada BSI Mobile (Kode Aktivasi, Rekening)",7607,pas,913.3911329761371
5,"Permasalahan pada BSI Mobile (Kode Aktivasi, Rekening)",1030,benar,887.5537516131267
5,"Permasalahan pada BSI Mobile (Kode Aktivasi, Rekening)",875,banking,799.2560652060466
5,"Permasalahan pada BSI Mobile (Kode Aktivasi, Rekening)",11111,wajah,778.0977170110266
5,"Permasalahan pada BSI Mobile (Kode Aktivasi, Rekening)",1149,berhasil,749.0034425215993
5,"Permasalahan pada BSI Mobile (Kode Aktivasi, Rekening)",5067,kok,737.4281799607596
5,"Permasalahan pada BSI Mobile (Kode Aktivasi, Rekening)",3453,ganti,708.2753915805315
5,"Permasalahan pada BSI Mobile (Kode Aktivasi, Rekening)",6880,mohon,707.8839803486665
5,"Permasalahan pada BSI Mobile (Kode Aktivasi, Rekening)",4565,kecewa,706.7629120251471
5,"Permasalahan pada BSI Mobile (Kode Aktivasi, Rekening)",11062,video,681.1064443399694
5,"Permasalahan pada BSI Mobile (Kode Aktivasi, Rekening)",9851,suruh,637.9084485328065
5,"Permasalahan pada BSI Mobile (Kode Aktivasi, Rekening)",5544,login,628.3591693284778
5,"Permasalahan pada BSI Mobile (Kode Aktivasi, Rekening)",1429,bikin,627.5960900252869
5,"Permasalahan pada BSI Mobile (Kode Aktivasi, Rekening)",7441,online,624.1082303602649
5,"Permasalahan pada BSI Mobile (Kode Aktivasi, Rekening)",2789,disuruh,610.2936439634833
5,"Permasalahan pada BSI Mobile (Kode Aktivasi, Rekening)",1837,center,596.1424829650604
5,"Permasalahan pada BSI Mobile (Kode Aktivasi, Rekening)",9537,sih,587.8811126683486
5,"Permasalahan pada BSI Mobile (Kode Aktivasi, Rekening)",4447,kartu,580.7913337934594
5,"Permasalahan pada BSI Mobile (Kode Aktivasi, Rekening)",6055,memasukkan,577.0764798469063
5,"Permasalahan pada BSI Mobile (Kode Aktivasi, Rekening)",11059,via,575.936906872058
5,"Permasalahan pada BSI Mobile (Kode Aktivasi, Rekening)",8954,salah,568.1335861007259
5,"Permasalahan pada BSI Mobile (Kode Aktivasi, Rekening)",6604,menu,563.9099701346164
5,"Permasalahan pada BSI Mobile (Kode Aktivasi, Rekening)",8484,proses,553.9467858313345
5,"Permasalahan pada BSI Mobile (Kode Aktivasi, Rekening)",4085,isi,551.725187643931
5,"Permasalahan pada BSI Mobile (Kode Aktivasi, Rekening)",1191,berkali,526.164355341254
5,"Permasalahan pada BSI Mobile (Kode Aktivasi, Rekening)",4162,jam,522.3386494886366
5,"Permasalahan pada BSI Mobile (Kode Aktivasi, Rekening)",160,aktifasi,515.9363172721941
5,"Permasalahan pada BSI Mobile (Kode Aktivasi, Rekening)",9005,sandi,511.3362372936703
5,"Permasalahan pada BSI Mobile (Kode Aktivasi, Rekening)",9269,selesai,496.37087096186855
5,"Permasalahan pada BSI Mobile (Kode Aktivasi, Rekening)",4485,kayak,490.11947911247677
5,"Permasalahan pada BSI Mobile (Kode Aktivasi, Rekening)",205,akun,476.035906380902
5,"Permasalahan pada BSI Mobile (Kode Aktivasi, Rekening)",5661,maintenance,465.8313212503699
5,"Permasalahan pada BSI Mobile (Kode Aktivasi, Rekening)",10211,terdaftar,464.4724153955072
5,"Permasalahan pada BSI Mobile (Kode Aktivasi, Rekening)",5023,kirim,447.770265570473
5,"Permasalahan pada BSI Mobile (Kode Aktivasi, Rekening)",8700,rek,430.9433234527294
5,"Permasalahan pada BSI Mobile (Kode Aktivasi, Rekening)",5890,masukan,425.6443422994836
5,"Permasalahan pada BSI Mobile (Kode Aktivasi, Rekening)",6617,menunggu,424.37155959427616
5,"Permasalahan pada BSI Mobile (Kode Aktivasi, Rekening)",8843,ribu,418.56052304923224
5,"Permasalahan pada BSI Mobile (Kode Aktivasi, Rekening)",7473,orang,418.2159689939215
5,"Permasalahan pada BSI Mobile (Kode Aktivasi, Rekening)",7062,nasabah,405.002379551033
5,"Permasalahan pada BSI Mobile (Kode Aktivasi, Rekening)",6992,muncul,392.3578762115247
5,"Permasalahan pada BSI Mobile (Kode Aktivasi, Rekening)",653,atm,385.56687245594134
5,"Permasalahan pada BSI Mobile (Kode Aktivasi, Rekening)",9814,sulit,382.1781037606641
5,"Permasalahan pada BSI Mobile (Kode Aktivasi, Rekening)",7316,notifikasi,376.7114247795956
5,"Permasalahan pada BSI Mobile (Kode Aktivasi, Rekening)",10033,tau,376.7042583148292
5,"Permasalahan pada BSI Mobile (Kode Aktivasi, Rekening)",5601,lupa,375.5143390104428
5,"Permasalahan pada BSI Mobile (Kode Aktivasi, Rekening)",9434,sesuai,371.85354980061
5,"Permasalahan pada BSI Mobile (Kode Aktivasi, Rekening)",3080,email,365.0491610937813
5,"Permasalahan pada BSI Mobile (Kode Aktivasi, Rekening)",10381,terpotong,364.7958955942642
5,"Permasalahan pada BSI Mobile (Kode Aktivasi, Rekening)",7620,password,353.4332431887337
5,"Permasalahan pada BSI Mobile (Kode Aktivasi, Rekening)",5941,mbanking,350.28209954818965
5,"Permasalahan pada BSI Mobile (Kode Aktivasi, Rekening)",9975,tanda,348.14205716289786
5,"Permasalahan pada BSI Mobile (Kode Aktivasi, Rekening)",1660,buka,344.47996603800743
5,"Permasalahan pada BSI Mobile (Kode Aktivasi, Rekening)",5846,marah,343.1419801069278
5,"Permasalahan pada BSI Mobile (Kode Aktivasi, Rekening)",4031,instal,335.0650462339977
5,"Permasalahan pada BSI Mobile (Kode Aktivasi, Rekening)",1021,beli,327.8784603061743
5,"Permasalahan pada BSI Mobile (Kode Aktivasi, Rekening)",4806,kepotong,318.93241711657265
6,Fitur Lengkap dan Memudahkan Transaksi,1612,bsi,16762.97302217901
6,Fitur Lengkap dan Memudahkan Transaksi,502,aplikasi,14318.456765123272
6,Fitur Lengkap dan Memudahkan Transaksi,6941,mudah,12002.510701157069
6,Fitur Lengkap dan Memudahkan Transaksi,6850,mobile,11641.30397815278
6,Fitur Lengkap dan Memudahkan Transaksi,10654,transaksi,7929.228785063834
6,Fitur Lengkap dan Memudahkan Transaksi,6072,membantu,6696.234399182129
6,Fitur Lengkap dan Memudahkan Transaksi,320,aman,5301.937913190516
6,Fitur Lengkap dan Memudahkan Transaksi,6225,memudahkan,4931.865804526309
6,Fitur Lengkap dan Memudahkan Transaksi,7357,nyaman,4529.669336090642
6,Fitur Lengkap dan Memudahkan Transaksi,5797,mantap,4164.534301400018
6,Fitur Lengkap dan Memudahkan Transaksi,7531,pakai,4124.568463027945
6,Fitur Lengkap dan Memudahkan Transaksi,3271,fitur,3572.9304982657623
6,Fitur Lengkap dan Memudahkan Transaksi,1334,bertransaksi,3547.1764063068563
6,Fitur Lengkap dan Memudahkan Transaksi,255,alhamdulillah,3321.912000042553
6,Fitur Lengkap dan Memudahkan Transaksi,5458,lengkap,3304.66974008093
6,Fitur Lengkap dan Memudahkan Transaksi,749,bagus,3046.6933335648964
6,Fitur Lengkap dan Memudahkan Transaksi,3280,fiturnya,2348.2757622044674
6,Fitur Lengkap dan Memudahkan Transaksi,7347,nya,2340.4140989888756
6,Fitur Lengkap dan Memudahkan Transaksi,6192,mempermudah,2204.341933420485
6,Fitur Lengkap dan Memudahkan Transaksi,3431,gampang,2136.0793122781593
6,Fitur Lengkap dan Memudahkan Transaksi,4830,keren,1927.3647258419028
6,Fitur Lengkap dan Memudahkan Transaksi,523,aplikasinya,1892.6397427307497
6,Fitur Lengkap dan Memudahkan Transaksi,875,banking,1711.809128150696
6,Fitur Lengkap dan Memudahkan Transaksi,4967,keuangan,1667.0911748381682
6,Fitur Lengkap dan Memudahkan Transaksi,7933,pengguna,1650.3359700778792
6,Fitur Lengkap dan Memudahkan Transaksi,1846,cepat,1558.1847585720743
6,Fitur Lengkap dan Memudahkan Transaksi,2603,dipakai,1229.7019901479996
6,Fitur Lengkap dan Memudahkan Transaksi,9896,syariat,1195.30445437784
6,Fitur Lengkap dan Memudahkan Transaksi,3097,enak,1184.7114107043394
6,Fitur Lengkap dan Memudahkan Transaksi,10506,tidak,941.6097597204108
6,Fitur Lengkap dan Memudahkan Transaksi,8412,praktis,822.5105886081355
6,Fitur Lengkap dan Memudahkan Transaksi,9659,solusi,820.0677079591712
6,Fitur Lengkap dan Memudahkan Transaksi,8830,ribet,790.9419479505797
6,Fitur Lengkap dan Memudahkan Transaksi,841,banget,756.1155973582673
6,Fitur Lengkap dan Memudahkan Transaksi,878,bankingnya,736.6543389047059
6,Fitur Lengkap dan Memudahkan Transaksi,1458,bisa,725.2955760948424
6,Fitur Lengkap dan Memudahkan Transaksi,10373,terpercaya,718.1418949309533
6,Fitur Lengkap dan Memudahkan Transaksi,1249,bermanfaat,710.117036409295
6,Fitur Lengkap dan Memudahkan Transaksi,10677,transfer,704.1837418578366
6,Fitur Lengkap dan Memudahkan Transaksi,7441,online,675.5305594276344
6,Fitur Lengkap dan Memudahkan Transaksi,7062,nasabah,667.0369036858658
6,Fitur Lengkap dan Memudahkan Transaksi,450,apapun,656.2495669501262
6,Fitur Lengkap dan Memudahkan Transaksi,9186,sehari,634.1943696446925
6,Fitur Lengkap dan Memudahkan Transaksi,7765,pembayaran,625.7803939874759
6,Fitur Lengkap dan Memudahkan Transaksi,1030,benar,607.9642072236713
6,Fitur Lengkap dan Memudahkan Transaksi,2600,dipahami,600.0031012028581
6,Fitur Lengkap dan Memudahkan Transaksi,8071,perbankan,597.6226807581969
6,Fitur Lengkap dan Memudahkan Transaksi,1141,berguna,584.6185436177749
6,Fitur Lengkap dan Memudahkan Transaksi,5313,lancar,565.7100210453257
6,Fitur Lengkap dan Memudahkan Transaksi,9537,sih,539.772763211929
6,Fitur Lengkap dan Memudahkan Transaksi,6031,memakai,480.3592862008506
6,Fitur Lengkap dan Memudahkan Transaksi,10978,urusan,474.83794725854295
6,Fitur Lengkap dan Memudahkan Transaksi,9809,sukses,472.64927906583506
6,Fitur Lengkap dan Memudahkan Transaksi,7258,nih,463.9588041253234
6,Fitur Lengkap dan Memudahkan Transaksi,4551,kebutuhan,456.6216005015812
6,Fitur Lengkap dan Memudahkan Transaksi,9556,simple,430.1594617442509
6,Fitur Lengkap dan Memudahkan Transaksi,2544,dimana,426.0043376338039
6,Fitur Lengkap dan Memudahkan Transaksi,7937,penggunaan,422.3455813668849
6,Fitur Lengkap dan Memudahkan Transaksi,2397,digital,416.47608663496106
6,Fitur Lengkap dan Memudahkan Transaksi,10164,terbaik,407.3505928658501
6,Fitur Lengkap dan Memudahkan Transaksi,8350,pokoknya,403.96988707432604
6,Fitur Lengkap dan Memudahkan Transaksi,9335,senang,392.78232537779445
6,Fitur Lengkap dan Memudahkan Transaksi,6265,menarik,377.38594770941125
6,Fitur Lengkap dan Memudahkan Transaksi,9309,semenjak,370.14725257927006
6,Fitur Lengkap dan Memudahkan Transaksi,4743,kemudahan,360.71145037336834
6,Fitur Lengkap dan Memudahkan Transaksi,2547,dimanapun,349.2149353660996
6,Fitur Lengkap dan Memudahkan Transaksi,193,aktivitas,329.513938981772
6,Fitur Lengkap dan Memudahkan Transaksi,6150,memiliki,329.15413347007143
6,Fitur Lengkap dan Memudahkan Transaksi,8484,proses,315.504472270372
6,Fitur Lengkap dan Memudahkan Transaksi,7524,pahami,313.46812610399314
6,Fitur Lengkap dan Memudahkan Transaksi,6247,menabung,304.98566702974625
6,Fitur Lengkap dan Memudahkan Transaksi,10172,terbantu,288.9049542177619
6,Fitur Lengkap dan Memudahkan Transaksi,7473,orang,284.74765790310505
6,Fitur Lengkap dan Memudahkan Transaksi,2559,dimengerti,283.812441704756
6,Fitur Lengkap dan Memudahkan Transaksi,9965,tampilan,283.5037504502495
6,Fitur Lengkap dan Memudahkan Transaksi,9798,suka,283.0436807382161
6,Fitur Lengkap dan Memudahkan Transaksi,10830,uang,281.12851443663294
6,Fitur Lengkap dan Memudahkan Transaksi,8901,rumah,279.88157968060773
6,Fitur Lengkap dan Memudahkan Transaksi,3343,friendly,271.87396748751075
6,Fitur Lengkap dan Memudahkan Transaksi,7939,penggunaannya,269.6630025684701
6,Fitur Lengkap dan Memudahkan Transaksi,4613,kegiatan,264.99643348483283
6,Fitur Lengkap dan Memudahkan Transaksi,9555,simpel,263.61357359839195
6,Fitur Lengkap dan Memudahkan Transaksi,153,akses,262.8478730028184
6,Fitur Lengkap dan Memudahkan Transaksi,7946,penggunanya,254.08449690433054
6,Fitur Lengkap dan Memudahkan Transaksi,3053,efisien,225.00373331770427
6,Fitur Lengkap dan Memudahkan Transaksi,3123,era,222.02272330377286
6,Fitur Lengkap dan Memudahkan Transaksi,4802,keperluan,207.6168618539465
6,Fitur Lengkap dan Memudahkan Transaksi,7625,pastinya,201.25768819789062
6,Fitur Lengkap dan Memudahkan Transaksi,4501,keamanan,191.83826067303912
6,Fitur Lengkap dan Memudahkan Transaksi,7896,pengalaman,186.2883396702389
6,Fitur Lengkap dan Memudahkan Transaksi,4856,kerja,184.55030629682514
6,Fitur Lengkap dan Memudahkan Transaksi,6455,menggunakannya,179.0822161563808
6,Fitur Lengkap dan Memudahkan Transaksi,5941,mbanking,175.84695122931848
6,Fitur Lengkap dan Memudahkan Transaksi,4384,kalangan,168.6594557324292
6,Fitur Lengkap dan Memudahkan Transaksi,8508,puas,164.26593120124704
6,Fitur Lengkap dan Memudahkan Transaksi,2227,diakses,163.32988622098458
6,Fitur Lengkap dan Memudahkan Transaksi,6398,mengatur,155.1416907730653
6,Fitur Lengkap dan Memudahkan Transaksi,322,amanah,153.7923063196611
6,Fitur Lengkap dan Memudahkan Transaksi,6431,mengerti,147.91432141646206
6,Fitur Lengkap dan Memudahkan Transaksi,10283,terjamin,146.65297366858138
